{"cameraMode":{"drawMode":0,"name":"Shaded","section":"Shading Mode"},"sceneLighting":true,"audioPlay":false,"sceneViewState":{"m_AlwaysRefresh":false,"showFog":true,"showSkybox":true,"showFlares":true,"showImageEffects":true,"showParticleSystems":true,"showVisualEffectGraphs":true,"m_FxEnabled":true},"in2DMode":false,"pivot":{"x":589.4197387695313,"y":104.20726013183594,"z":-29.67138671875},"rotation":{"x":-0.0005957860266789794,"y":0.9989719986915588,"z":0.04317258298397064,"w":0.013787331990897656},"size":338.5504455566406,"orthographic":false}