{"cameraMode":{"drawMode":0,"name":"Shaded","section":"Shading Mode"},"sceneLighting":true,"audioPlay":false,"sceneViewState":{"m_AlwaysRefresh":false,"showFog":true,"showSkybox":true,"showFlares":true,"showImageEffects":true,"showParticleSystems":true,"showVisualEffectGraphs":true,"m_FxEnabled":true},"in2DMode":false,"pivot":{"x":422.7274169921875,"y":184.61981201171876,"z":7.87042236328125},"rotation":{"x":0.010938375256955624,"y":0.9886554479598999,"z":-0.09071535617113114,"w":0.11921139061450958},"size":274.83489990234377,"orthographic":false}