{"cameraMode":{"drawMode":0,"name":"Shaded","section":"Shading Mode"},"sceneLighting":true,"audioPlay":false,"sceneViewState":{"m_AlwaysRefresh":false,"showFog":true,"showSkybox":true,"showFlares":true,"showImageEffects":true,"showParticleSystems":true,"showVisualEffectGraphs":true,"m_FxEnabled":true},"in2DMode":false,"pivot":{"x":10.208841323852539,"y":7.283538341522217,"z":4.8465046882629398},"rotation":{"x":-0.019086267799139024,"y":0.9744221568107605,"z":-0.20463639497756959,"w":-0.09088338166475296},"size":5.174757957458496,"orthographic":false}