{"cameraMode":{"drawMode":0,"name":"Shaded","section":"Shading Mode"},"sceneLighting":true,"audioPlay":false,"sceneViewState":{"m_AlwaysRefresh":false,"showFog":true,"showSkybox":true,"showFlares":true,"showImageEffects":true,"showParticleSystems":true,"showVisualEffectGraphs":true,"m_FxEnabled":true},"in2DMode":false,"pivot":{"x":713.2000122070313,"y":30.236621856689454,"z":3.5641136169433595},"rotation":{"x":-0.004133225418627262,"y":-0.949688196182251,"z":0.3129356801509857,"w":-0.012543698772788048},"size":494.6177673339844,"orthographic":false}