{"cameraMode":{"drawMode":0,"name":"Shaded","section":"Shading Mode"},"sceneLighting":true,"audioPlay":false,"sceneViewState":{"m_AlwaysRefresh":false,"showFog":true,"showSkybox":true,"showFlares":true,"showImageEffects":true,"showParticleSystems":true,"showVisualEffectGraphs":true,"m_FxEnabled":true},"in2DMode":false,"pivot":{"x":6.7627973556518559,"y":4.781950950622559,"z":1.0049734115600587},"rotation":{"x":0.0019442152697592974,"y":0.9460272789001465,"z":-0.3240392506122589,"w":0.005675833206623793},"size":11.31212043762207,"orthographic":false}