{"cameraMode":{"drawMode":0,"name":"Shaded","section":"Shading Mode"},"sceneLighting":true,"audioPlay":false,"sceneViewState":{"m_AlwaysRefresh":false,"showFog":true,"showSkybox":true,"showFlares":true,"showImageEffects":true,"showParticleSystems":true,"showVisualEffectGraphs":true,"m_FxEnabled":true},"in2DMode":false,"pivot":{"x":651.8885498046875,"y":139.3916473388672,"z":-58.17437744140625},"rotation":{"x":-0.0004721479781437665,"y":0.9979905486106873,"z":-0.06295797973871231,"w":-0.007485467474907637},"size":273.1687316894531,"orthographic":false}