{"cameraMode":{"drawMode":0,"name":"Shaded","section":"Shading Mode"},"sceneLighting":true,"audioPlay":false,"sceneViewState":{"m_AlwaysRefresh":false,"showFog":true,"showSkybox":true,"showFlares":true,"showImageEffects":true,"showParticleSystems":true,"showVisualEffectGraphs":true,"m_FxEnabled":true},"in2DMode":false,"pivot":{"x":10.34961986541748,"y":15.472293853759766,"z":-53.34730529785156},"rotation":{"x":-0.0005957860266789794,"y":0.9989719986915588,"z":0.04317258298397064,"w":0.013787331990897656},"size":36.0938606262207,"orthographic":false}