{"cameraMode":{"drawMode":0,"name":"Shaded","section":"Shading Mode"},"sceneLighting":true,"audioPlay":false,"sceneViewState":{"m_AlwaysRefresh":false,"showFog":true,"showSkybox":true,"showFlares":true,"showImageEffects":true,"showParticleSystems":true,"showVisualEffectGraphs":true,"m_FxEnabled":true},"in2DMode":false,"pivot":{"x":8.471430778503418,"y":3.5899999141693117,"z":4.510000228881836},"rotation":{"x":0.001597113674506545,"y":0.9910295605659485,"z":-0.1330937147140503,"w":0.01189294271171093},"size":3.9468770027160646,"orthographic":false}