{"cameraMode":{"drawMode":0,"name":"Shaded","section":"Shading Mode"},"sceneLighting":true,"audioPlay":false,"sceneViewState":{"m_AlwaysRefresh":false,"showFog":true,"showSkybox":true,"showFlares":true,"showImageEffects":true,"showParticleSystems":true,"showVisualEffectGraphs":true,"m_FxEnabled":true},"in2DMode":false,"pivot":{"x":0.3431951701641083,"y":5.682889461517334,"z":4.552095413208008},"rotation":{"x":-0.004047458525747061,"y":0.9539097547531128,"z":-0.29978877305984499,"w":-0.012878894805908203},"size":2.5246989727020265,"orthographic":false}