{"cameraMode":{"drawMode":0,"name":"Shaded","section":"Shading Mode"},"sceneLighting":true,"audioPlay":false,"sceneViewState":{"m_AlwaysRefresh":false,"showFog":true,"showSkybox":true,"showFlares":true,"showImageEffects":true,"showParticleSystems":true,"showVisualEffectGraphs":true,"m_FxEnabled":true},"in2DMode":false,"pivot":{"x":0.26788604259490969,"y":-1.485555648803711,"z":-9.090219497680664},"rotation":{"x":0.005955706816166639,"y":-0.9658944010734558,"z":0.2579788267612457,"w":0.022311531007289888},"size":12.592142105102539,"orthographic":false}