{"cameraMode":{"drawMode":0,"name":"Shaded","section":"Shading Mode"},"sceneLighting":true,"audioPlay":false,"sceneViewState":{"m_AlwaysRefresh":false,"showFog":true,"showSkybox":true,"showFlares":true,"showImageEffects":true,"showParticleSystems":true,"showVisualEffectGraphs":true,"m_FxEnabled":true},"in2DMode":false,"pivot":{"x":0.5947614908218384,"y":-28.777809143066408,"z":-30.554428100585939},"rotation":{"x":-0.000989132677204907,"y":0.9440759420394898,"z":-0.32971054315567019,"w":-0.0028321680147200824},"size":29.540891647338868,"orthographic":false}