{"cameraMode":{"drawMode":0,"name":"Shaded","section":"Shading Mode"},"sceneLighting":true,"audioPlay":false,"sceneViewState":{"m_AlwaysRefresh":false,"showFog":true,"showSkybox":true,"showFlares":true,"showImageEffects":true,"showParticleSystems":true,"showVisualEffectGraphs":true,"m_FxEnabled":true},"in2DMode":false,"pivot":{"x":-7.802623271942139,"y":16.905803680419923,"z":-0.6264792680740356},"rotation":{"x":-0.29015910625457766,"y":-0.6968323588371277,"z":0.37646397948265078,"w":-0.5371627807617188},"size":1.4686781167984009,"orthographic":false}