{"cameraMode":{"drawMode":0,"name":"Shaded","section":"Shading Mode"},"sceneLighting":true,"audioPlay":false,"sceneViewState":{"m_AlwaysRefresh":false,"showFog":true,"showSkybox":true,"showFlares":true,"showImageEffects":true,"showParticleSystems":true,"showVisualEffectGraphs":true,"m_FxEnabled":true},"in2DMode":false,"pivot":{"x":0.6299601197242737,"y":3.3505873680114748,"z":2.195077419281006},"rotation":{"x":-0.009520860388875008,"y":0.9176586270332336,"z":-0.39666494727134707,"w":-0.022028109058737756},"size":4.7212443351745609,"orthographic":false}