{"cameraMode":{"drawMode":0,"name":"Shaded","section":"Shading Mode"},"sceneLighting":true,"audioPlay":false,"sceneViewState":{"m_AlwaysRefresh":false,"showFog":true,"showSkybox":true,"showFlares":true,"showImageEffects":true,"showParticleSystems":true,"showVisualEffectGraphs":true,"m_FxEnabled":true},"in2DMode":false,"pivot":{"x":1.9733327627182007,"y":1.6920528411865235,"z":-0.23242950439453126},"rotation":{"x":0.0019442152697592974,"y":0.9460272789001465,"z":-0.3240392506122589,"w":0.005675833206623793},"size":8.185867309570313,"orthographic":false}