{"cameraMode":{"drawMode":0,"name":"Shaded","section":"Shading Mode"},"sceneLighting":true,"audioPlay":false,"sceneViewState":{"m_AlwaysRefresh":false,"showFog":true,"showSkybox":true,"showFlares":true,"showImageEffects":true,"showParticleSystems":true,"showVisualEffectGraphs":true,"m_FxEnabled":true},"in2DMode":false,"pivot":{"x":0.15935778617858888,"y":2.736029624938965,"z":2.9531912803649904},"rotation":{"x":-0.0014517626259475947,"y":0.9465196132659912,"z":-0.32262110710144045,"w":-0.004259469453245401},"size":5.727109432220459,"orthographic":true}