{"cameraMode":{"drawMode":0,"name":"Shaded","section":"Shading Mode"},"sceneLighting":true,"audioPlay":false,"sceneViewState":{"m_AlwaysRefresh":false,"showFog":true,"showSkybox":true,"showFlares":true,"showImageEffects":true,"showParticleSystems":true,"showVisualEffectGraphs":true,"m_FxEnabled":true},"in2DMode":false,"pivot":{"x":3.2392754554748537,"y":5.222470283508301,"z":5.754568099975586},"rotation":{"x":0.006549077108502388,"y":-0.935733437538147,"z":0.3522133231163025,"w":0.017400525510311128},"size":5.417763710021973,"orthographic":true}