{"cameraMode":{"drawMode":0,"name":"Shaded","section":"Shading Mode"},"sceneLighting":true,"audioPlay":false,"sceneViewState":{"m_AlwaysRefresh":false,"showFog":true,"showSkybox":true,"showFlares":true,"showImageEffects":true,"showParticleSystems":true,"showVisualEffectGraphs":true,"m_FxEnabled":true},"in2DMode":false,"pivot":{"x":4.73355770111084,"y":1.4271678924560547,"z":-0.5346240997314453},"rotation":{"x":0.009709653444588185,"y":0.941082775592804,"z":-0.33691510558128359,"w":0.027115337550640107},"size":9.619215965270996,"orthographic":false}