{"cameraMode":{"drawMode":0,"name":"Shaded","section":"Shading Mode"},"sceneLighting":true,"audioPlay":false,"sceneViewState":{"m_AlwaysRefresh":false,"showFog":true,"showSkybox":true,"showFlares":true,"showImageEffects":true,"showParticleSystems":true,"showVisualEffectGraphs":true,"m_FxEnabled":true},"in2DMode":false,"pivot":{"x":185.32022094726563,"y":162.1693115234375,"z":-163.772705078125},"rotation":{"x":0.14198638498783112,"y":-0.022273804992437364,"z":0.003195023164153099,"w":0.9896215796470642},"size":138.16839599609376,"orthographic":true}